22	/mnt/pool/6/vokirova/rumodernbert-legal-mlm/artifacts/reproducibility/environment/gpus.csv
4042	/mnt/pool/6/vokirova/rumodernbert-legal-mlm/artifacts/reproducibility/environment/lscpu.txt
207	/mnt/pool/6/vokirova/rumodernbert-legal-mlm/artifacts/reproducibility/environment/memory.txt
18	/mnt/pool/6/vokirova/rumodernbert-legal-mlm/artifacts/reproducibility/environment/nvidia-smi-L.txt
2225	/mnt/pool/6/vokirova/rumodernbert-legal-mlm/artifacts/reproducibility/environment/pip-freeze.txt
411	/mnt/pool/6/vokirova/rumodernbert-legal-mlm/artifacts/reproducibility/environment/python-packages.json
160	/mnt/pool/6/vokirova/rumodernbert-legal-mlm/artifacts/reproducibility/environment/run_context.txt
238	/mnt/pool/6/vokirova/rumodernbert-legal-mlm/artifacts/reproducibility/environment/sacct-33146.txt
238	/mnt/pool/6/vokirova/rumodernbert-legal-mlm/artifacts/reproducibility/environment/sacct-33149.txt
238	/mnt/pool/6/vokirova/rumodernbert-legal-mlm/artifacts/reproducibility/environment/sacct-33152.txt
238	/mnt/pool/6/vokirova/rumodernbert-legal-mlm/artifacts/reproducibility/environment/sacct-33153.txt
1577	/mnt/pool/6/vokirova/rumodernbert-legal-mlm/artifacts/reproducibility/logs/build-flash-31176.out.gz
105	/mnt/pool/6/vokirova/rumodernbert-legal-mlm/artifacts/reproducibility/logs/eval-mlm-sud-base-31325.out.gz
2450	/mnt/pool/6/vokirova/rumodernbert-legal-mlm/artifacts/reproducibility/logs/eval-mlm-sud-base-31370.out.gz
104	/mnt/pool/6/vokirova/rumodernbert-legal-mlm/artifacts/reproducibility/logs/eval-mlm-sud-our-31324.out.gz
1004	/mnt/pool/6/vokirova/rumodernbert-legal-mlm/artifacts/reproducibility/logs/eval-mlm-sud-our-31369.out.gz
2006	/mnt/pool/6/vokirova/rumodernbert-legal-mlm/artifacts/reproducibility/logs/eval-sud-base-local-31373.out.gz
1031	/mnt/pool/6/vokirova/rumodernbert-legal-mlm/artifacts/reproducibility/logs/eval-sud-base-local-31375.out.gz
2620	/mnt/pool/6/vokirova/rumodernbert-legal-mlm/artifacts/reproducibility/logs/eval-sud-base-local-31376.out.gz
1322	/mnt/pool/6/vokirova/rumodernbert-legal-mlm/artifacts/reproducibility/logs/eval-sud-our-local-31372.out.gz
2580	/mnt/pool/6/vokirova/rumodernbert-legal-mlm/artifacts/reproducibility/logs/eval-sud-our-local-31374.out.gz
489	/mnt/pool/6/vokirova/rumodernbert-legal-mlm/artifacts/reproducibility/logs/flash-build-31208.out.gz
3794	/mnt/pool/6/vokirova/rumodernbert-legal-mlm/artifacts/reproducibility/logs/flash-local-31214.out.gz
8504	/mnt/pool/6/vokirova/rumodernbert-legal-mlm/artifacts/reproducibility/logs/flash-local-31215.out.gz
8257	/mnt/pool/6/vokirova/rumodernbert-legal-mlm/artifacts/reproducibility/logs/flash-local-31217.out.gz
214	/mnt/pool/6/vokirova/rumodernbert-legal-mlm/artifacts/reproducibility/logs/flash-tmp-31206.out.gz
37736	/mnt/pool/6/vokirova/rumodernbert-legal-mlm/artifacts/reproducibility/logs/legal-heads-31379.out.gz
178500	/mnt/pool/6/vokirova/rumodernbert-legal-mlm/artifacts/reproducibility/logs/legal-heads-31381.out.gz
2077	/mnt/pool/6/vokirova/rumodernbert-legal-mlm/artifacts/reproducibility/logs/legal-ner-31384.out.gz
11187	/mnt/pool/6/vokirova/rumodernbert-legal-mlm/artifacts/reproducibility/logs/legal-ner-31386.out.gz
21849	/mnt/pool/6/vokirova/rumodernbert-legal-mlm/artifacts/reproducibility/logs/legal-ner-31388.out.gz
258578	/mnt/pool/6/vokirova/rumodernbert-legal-mlm/artifacts/reproducibility/logs/legal-ner-31390.out.gz
2069	/mnt/pool/6/vokirova/rumodernbert-legal-mlm/artifacts/reproducibility/logs/mlm-20e-bs4-lr7e5-31282.out.gz
16317	/mnt/pool/6/vokirova/rumodernbert-legal-mlm/artifacts/reproducibility/logs/mlm-20e-bs4-lr7e5-31283.out.gz
1961	/mnt/pool/6/vokirova/rumodernbert-legal-mlm/artifacts/reproducibility/logs/mlm-20e-bs4-lr7e5-31285.out.gz
2165180	/mnt/pool/6/vokirova/rumodernbert-legal-mlm/artifacts/reproducibility/logs/mlm-20e-bs4-lr7e5-31286.out.gz
7933	/mnt/pool/6/vokirova/rumodernbert-legal-mlm/artifacts/reproducibility/logs/mlm-20e-bs8-lr7e5-31281.out.gz
9263	/mnt/pool/6/vokirova/rumodernbert-legal-mlm/artifacts/reproducibility/logs/mlm-bs-sweep-31280.out.gz
2063	/mnt/pool/6/vokirova/rumodernbert-legal-mlm/artifacts/reproducibility/logs/mlm-smoke-31231.out.gz
826	/mnt/pool/6/vokirova/rumodernbert-legal-mlm/artifacts/reproducibility/logs/mlm-smoke-31232.out.gz
4414	/mnt/pool/6/vokirova/rumodernbert-legal-mlm/artifacts/reproducibility/logs/mlm-smoke-31233.out.gz
9412	/mnt/pool/6/vokirova/rumodernbert-legal-mlm/artifacts/reproducibility/logs/mlm-smoke-31235.out.gz
8990	/mnt/pool/6/vokirova/rumodernbert-legal-mlm/artifacts/reproducibility/logs/mlm-smoke-31236.out.gz
2122	/mnt/pool/6/vokirova/rumodernbert-legal-mlm/artifacts/reproducibility/logs/mlm-smoke-31238.out.gz
2189	/mnt/pool/6/vokirova/rumodernbert-legal-mlm/artifacts/reproducibility/logs/mlm-smoke-31278.out.gz
2178	/mnt/pool/6/vokirova/rumodernbert-legal-mlm/artifacts/reproducibility/logs/mlm-smoke-31279.out.gz
5337	/mnt/pool/6/vokirova/rumodernbert-legal-mlm/artifacts/reproducibility/logs/mlm-tokenize-64-31234.out.gz
960	/mnt/pool/6/vokirova/rumodernbert-legal-mlm/artifacts/reproducibility/logs/modernbert-smoke-31222.out.gz
479	/mnt/pool/6/vokirova/rumodernbert-legal-mlm/artifacts/reproducibility/logs/modernbert-smoke-31223.out.gz
2259	/mnt/pool/6/vokirova/rumodernbert-legal-mlm/artifacts/reproducibility/logs/modernbert-smoke-31224.out.gz
1229	/mnt/pool/6/vokirova/rumodernbert-legal-mlm/artifacts/reproducibility/logs/modernbert-smoke-31225.out.gz
4933	/mnt/pool/6/vokirova/rumodernbert-legal-mlm/artifacts/reproducibility/logs/modernbert-smoke-31226.out.gz
2499	/mnt/pool/6/vokirova/rumodernbert-legal-mlm/artifacts/reproducibility/logs/rumodernbert-mlm-2ep-31230.out.gz
749	/mnt/pool/6/vokirova/rumodernbert-legal-mlm/artifacts/reproducibility/logs/ruslawod-prepare-31227.out.gz
397	/mnt/pool/6/vokirova/rumodernbert-legal-mlm/artifacts/reproducibility/logs/ruslawod-prepare-31228.out.gz
467	/mnt/pool/6/vokirova/rumodernbert-legal-mlm/artifacts/reproducibility/logs/ruslawod-prepare-31229.out.gz
710	/mnt/pool/6/vokirova/rumodernbert-legal-mlm/artifacts/reproducibility/logs/slurm-33139.out.gz
968	/mnt/pool/6/vokirova/rumodernbert-legal-mlm/artifacts/reproducibility/logs/slurm-33140.out.gz
1166270	/mnt/pool/6/vokirova/rumodernbert-legal-mlm/artifacts/reproducibility/logs/slurm-33141.out.gz
654	/mnt/pool/6/vokirova/rumodernbert-legal-mlm/artifacts/reproducibility/logs/slurm-33142.out.gz
36	/mnt/pool/6/vokirova/rumodernbert-legal-mlm/artifacts/reproducibility/logs/slurm-33144.out.gz
666	/mnt/pool/6/vokirova/rumodernbert-legal-mlm/artifacts/reproducibility/logs/slurm-33146.out.gz
196	/mnt/pool/6/vokirova/rumodernbert-legal-mlm/artifacts/reproducibility/logs/slurm-33147.out.gz
5396	/mnt/pool/6/vokirova/rumodernbert-legal-mlm/artifacts/reproducibility/logs/slurm-33148.out.gz
211162	/mnt/pool/6/vokirova/rumodernbert-legal-mlm/artifacts/reproducibility/logs/slurm-33149.out.gz
36	/mnt/pool/6/vokirova/rumodernbert-legal-mlm/artifacts/reproducibility/logs/slurm-33150.out.gz
36	/mnt/pool/6/vokirova/rumodernbert-legal-mlm/artifacts/reproducibility/logs/slurm-33151.out.gz
766	/mnt/pool/6/vokirova/rumodernbert-legal-mlm/artifacts/reproducibility/logs/slurm-33152.out.gz
209624	/mnt/pool/6/vokirova/rumodernbert-legal-mlm/artifacts/reproducibility/logs/slurm-33153.out.gz
2389	/mnt/pool/6/vokirova/rumodernbert-legal-mlm/artifacts/reproducibility/logs/slurm-33154.out.gz
146	/mnt/pool/6/vokirova/rumodernbert-legal-mlm/artifacts/reproducibility/logs/slurm-33155.out.gz
332	/mnt/pool/6/vokirova/rumodernbert-legal-mlm/artifacts/reproducibility/logs/slurm-33156.out.gz
249	/mnt/pool/6/vokirova/rumodernbert-legal-mlm/artifacts/reproducibility/logs/slurm-33157.out.gz
476	/mnt/pool/6/vokirova/rumodernbert-legal-mlm/artifacts/reproducibility/logs/smoke-flash-31174.out.gz
0	/mnt/pool/6/vokirova/rumodernbert-legal-mlm/artifacts/reproducibility/manifests/artifact-files.tsv
47963	/mnt/pool/6/vokirova/rumodernbert-legal-mlm/artifacts/reproducibility/manifests/evidence-index.json
168135	/mnt/pool/6/vokirova/rumodernbert-legal-mlm/artifacts/reproducibility/manifests/file-inventory.tsv
2584	/mnt/pool/6/vokirova/rumodernbert-legal-mlm/artifacts/reproducibility/manifests/sha256-selected.txt
2542	/mnt/pool/6/vokirova/rumodernbert-legal-mlm/artifacts/reproducibility/metrics/outputs/RuModernBERT-base-ner-deduplicated/checkpoint-10000/config.json
837	/mnt/pool/6/vokirova/rumodernbert-legal-mlm/artifacts/reproducibility/metrics/outputs/RuModernBERT-base-ner-deduplicated/checkpoint-10000/special_tokens_map.json
4753266	/mnt/pool/6/vokirova/rumodernbert-legal-mlm/artifacts/reproducibility/metrics/outputs/RuModernBERT-base-ner-deduplicated/checkpoint-10000/tokenizer.json
20990	/mnt/pool/6/vokirova/rumodernbert-legal-mlm/artifacts/reproducibility/metrics/outputs/RuModernBERT-base-ner-deduplicated/checkpoint-10000/tokenizer_config.json
19138	/mnt/pool/6/vokirova/rumodernbert-legal-mlm/artifacts/reproducibility/metrics/outputs/RuModernBERT-base-ner-deduplicated/checkpoint-10000/trainer_state.json
2542	/mnt/pool/6/vokirova/rumodernbert-legal-mlm/artifacts/reproducibility/metrics/outputs/RuModernBERT-base-ner-deduplicated/checkpoint-15000/config.json
837	/mnt/pool/6/vokirova/rumodernbert-legal-mlm/artifacts/reproducibility/metrics/outputs/RuModernBERT-base-ner-deduplicated/checkpoint-15000/special_tokens_map.json
4753266	/mnt/pool/6/vokirova/rumodernbert-legal-mlm/artifacts/reproducibility/metrics/outputs/RuModernBERT-base-ner-deduplicated/checkpoint-15000/tokenizer.json
20990	/mnt/pool/6/vokirova/rumodernbert-legal-mlm/artifacts/reproducibility/metrics/outputs/RuModernBERT-base-ner-deduplicated/checkpoint-15000/tokenizer_config.json
28373	/mnt/pool/6/vokirova/rumodernbert-legal-mlm/artifacts/reproducibility/metrics/outputs/RuModernBERT-base-ner-deduplicated/checkpoint-15000/trainer_state.json
2542	/mnt/pool/6/vokirova/rumodernbert-legal-mlm/artifacts/reproducibility/metrics/outputs/RuModernBERT-base-ner-deduplicated/checkpoint-20000/config.json
837	/mnt/pool/6/vokirova/rumodernbert-legal-mlm/artifacts/reproducibility/metrics/outputs/RuModernBERT-base-ner-deduplicated/checkpoint-20000/special_tokens_map.json
4753266	/mnt/pool/6/vokirova/rumodernbert-legal-mlm/artifacts/reproducibility/metrics/outputs/RuModernBERT-base-ner-deduplicated/checkpoint-20000/tokenizer.json
20990	/mnt/pool/6/vokirova/rumodernbert-legal-mlm/artifacts/reproducibility/metrics/outputs/RuModernBERT-base-ner-deduplicated/checkpoint-20000/tokenizer_config.json
37465	/mnt/pool/6/vokirova/rumodernbert-legal-mlm/artifacts/reproducibility/metrics/outputs/RuModernBERT-base-ner-deduplicated/checkpoint-20000/trainer_state.json
2542	/mnt/pool/6/vokirova/rumodernbert-legal-mlm/artifacts/reproducibility/metrics/outputs/RuModernBERT-base-ner-deduplicated/checkpoint-24615/config.json
837	/mnt/pool/6/vokirova/rumodernbert-legal-mlm/artifacts/reproducibility/metrics/outputs/RuModernBERT-base-ner-deduplicated/checkpoint-24615/special_tokens_map.json
4753266	/mnt/pool/6/vokirova/rumodernbert-legal-mlm/artifacts/reproducibility/metrics/outputs/RuModernBERT-base-ner-deduplicated/checkpoint-24615/tokenizer.json
20990	/mnt/pool/6/vokirova/rumodernbert-legal-mlm/artifacts/reproducibility/metrics/outputs/RuModernBERT-base-ner-deduplicated/checkpoint-24615/tokenizer_config.json
45519	/mnt/pool/6/vokirova/rumodernbert-legal-mlm/artifacts/reproducibility/metrics/outputs/RuModernBERT-base-ner-deduplicated/checkpoint-24615/trainer_state.json
2542	/mnt/pool/6/vokirova/rumodernbert-legal-mlm/artifacts/reproducibility/metrics/outputs/RuModernBERT-base-ner-deduplicated/checkpoint-5000/config.json
837	/mnt/pool/6/vokirova/rumodernbert-legal-mlm/artifacts/reproducibility/metrics/outputs/RuModernBERT-base-ner-deduplicated/checkpoint-5000/special_tokens_map.json
4753266	/mnt/pool/6/vokirova/rumodernbert-legal-mlm/artifacts/reproducibility/metrics/outputs/RuModernBERT-base-ner-deduplicated/checkpoint-5000/tokenizer.json
20990	/mnt/pool/6/vokirova/rumodernbert-legal-mlm/artifacts/reproducibility/metrics/outputs/RuModernBERT-base-ner-deduplicated/checkpoint-5000/tokenizer_config.json
9965	/mnt/pool/6/vokirova/rumodernbert-legal-mlm/artifacts/reproducibility/metrics/outputs/RuModernBERT-base-ner-deduplicated/checkpoint-5000/trainer_state.json
2542	/mnt/pool/6/vokirova/rumodernbert-legal-mlm/artifacts/reproducibility/metrics/outputs/RuModernBERT-base-ner-deduplicated/config.json
519	/mnt/pool/6/vokirova/rumodernbert-legal-mlm/artifacts/reproducibility/metrics/outputs/RuModernBERT-base-ner-deduplicated/ner_label_map.json
837	/mnt/pool/6/vokirova/rumodernbert-legal-mlm/artifacts/reproducibility/metrics/outputs/RuModernBERT-base-ner-deduplicated/special_tokens_map.json
263	/mnt/pool/6/vokirova/rumodernbert-legal-mlm/artifacts/reproducibility/metrics/outputs/RuModernBERT-base-ner-deduplicated/test_metrics.json
4753266	/mnt/pool/6/vokirova/rumodernbert-legal-mlm/artifacts/reproducibility/metrics/outputs/RuModernBERT-base-ner-deduplicated/tokenizer.json
20990	/mnt/pool/6/vokirova/rumodernbert-legal-mlm/artifacts/reproducibility/metrics/outputs/RuModernBERT-base-ner-deduplicated/tokenizer_config.json
2153	/mnt/pool/6/vokirova/rumodernbert-legal-mlm/artifacts/reproducibility/metrics/outputs/RuModernBERT-legal-inference/config.json
159328	/mnt/pool/6/vokirova/rumodernbert-legal-mlm/artifacts/reproducibility/metrics/outputs/RuModernBERT-legal-inference/legal_heads_config.json
837	/mnt/pool/6/vokirova/rumodernbert-legal-mlm/artifacts/reproducibility/metrics/outputs/RuModernBERT-legal-inference/special_tokens_map.json
4752657	/mnt/pool/6/vokirova/rumodernbert-legal-mlm/artifacts/reproducibility/metrics/outputs/RuModernBERT-legal-inference/tokenizer.json
19940	/mnt/pool/6/vokirova/rumodernbert-legal-mlm/artifacts/reproducibility/metrics/outputs/RuModernBERT-legal-inference/tokenizer_config.json
2153	/mnt/pool/6/vokirova/rumodernbert-legal-mlm/artifacts/reproducibility/metrics/outputs/RuModernBERT-legal-mlm-20e/checkpoint-1000/config.json
837	/mnt/pool/6/vokirova/rumodernbert-legal-mlm/artifacts/reproducibility/metrics/outputs/RuModernBERT-legal-mlm-20e/checkpoint-1000/special_tokens_map.json
4752657	/mnt/pool/6/vokirova/rumodernbert-legal-mlm/artifacts/reproducibility/metrics/outputs/RuModernBERT-legal-mlm-20e/checkpoint-1000/tokenizer.json
19940	/mnt/pool/6/vokirova/rumodernbert-legal-mlm/artifacts/reproducibility/metrics/outputs/RuModernBERT-legal-mlm-20e/checkpoint-1000/tokenizer_config.json
3042	/mnt/pool/6/vokirova/rumodernbert-legal-mlm/artifacts/reproducibility/metrics/outputs/RuModernBERT-legal-mlm-20e/checkpoint-1000/trainer_state.json
2153	/mnt/pool/6/vokirova/rumodernbert-legal-mlm/artifacts/reproducibility/metrics/outputs/RuModernBERT-legal-mlm-20e/checkpoint-10000/config.json
837	/mnt/pool/6/vokirova/rumodernbert-legal-mlm/artifacts/reproducibility/metrics/outputs/RuModernBERT-legal-mlm-20e/checkpoint-10000/special_tokens_map.json
4752657	/mnt/pool/6/vokirova/rumodernbert-legal-mlm/artifacts/reproducibility/metrics/outputs/RuModernBERT-legal-mlm-20e/checkpoint-10000/tokenizer.json
19940	/mnt/pool/6/vokirova/rumodernbert-legal-mlm/artifacts/reproducibility/metrics/outputs/RuModernBERT-legal-mlm-20e/checkpoint-10000/tokenizer_config.json
18761	/mnt/pool/6/vokirova/rumodernbert-legal-mlm/artifacts/reproducibility/metrics/outputs/RuModernBERT-legal-mlm-20e/checkpoint-10000/trainer_state.json
2153	/mnt/pool/6/vokirova/rumodernbert-legal-mlm/artifacts/reproducibility/metrics/outputs/RuModernBERT-legal-mlm-20e/checkpoint-100000/config.json
837	/mnt/pool/6/vokirova/rumodernbert-legal-mlm/artifacts/reproducibility/metrics/outputs/RuModernBERT-legal-mlm-20e/checkpoint-100000/special_tokens_map.json
4752657	/mnt/pool/6/vokirova/rumodernbert-legal-mlm/artifacts/reproducibility/metrics/outputs/RuModernBERT-legal-mlm-20e/checkpoint-100000/tokenizer.json
19940	/mnt/pool/6/vokirova/rumodernbert-legal-mlm/artifacts/reproducibility/metrics/outputs/RuModernBERT-legal-mlm-20e/checkpoint-100000/tokenizer_config.json
177926	/mnt/pool/6/vokirova/rumodernbert-legal-mlm/artifacts/reproducibility/metrics/outputs/RuModernBERT-legal-mlm-20e/checkpoint-100000/trainer_state.json
2153	/mnt/pool/6/vokirova/rumodernbert-legal-mlm/artifacts/reproducibility/metrics/outputs/RuModernBERT-legal-mlm-20e/checkpoint-110000/config.json
837	/mnt/pool/6/vokirova/rumodernbert-legal-mlm/artifacts/reproducibility/metrics/outputs/RuModernBERT-legal-mlm-20e/checkpoint-110000/special_tokens_map.json
4752657	/mnt/pool/6/vokirova/rumodernbert-legal-mlm/artifacts/reproducibility/metrics/outputs/RuModernBERT-legal-mlm-20e/checkpoint-110000/tokenizer.json
19940	/mnt/pool/6/vokirova/rumodernbert-legal-mlm/artifacts/reproducibility/metrics/outputs/RuModernBERT-legal-mlm-20e/checkpoint-110000/tokenizer_config.json
195700	/mnt/pool/6/vokirova/rumodernbert-legal-mlm/artifacts/reproducibility/metrics/outputs/RuModernBERT-legal-mlm-20e/checkpoint-110000/trainer_state.json
2153	/mnt/pool/6/vokirova/rumodernbert-legal-mlm/artifacts/reproducibility/metrics/outputs/RuModernBERT-legal-mlm-20e/checkpoint-120000/config.json
837	/mnt/pool/6/vokirova/rumodernbert-legal-mlm/artifacts/reproducibility/metrics/outputs/RuModernBERT-legal-mlm-20e/checkpoint-120000/special_tokens_map.json
4752657	/mnt/pool/6/vokirova/rumodernbert-legal-mlm/artifacts/reproducibility/metrics/outputs/RuModernBERT-legal-mlm-20e/checkpoint-120000/tokenizer.json
19940	/mnt/pool/6/vokirova/rumodernbert-legal-mlm/artifacts/reproducibility/metrics/outputs/RuModernBERT-legal-mlm-20e/checkpoint-120000/tokenizer_config.json
213450	/mnt/pool/6/vokirova/rumodernbert-legal-mlm/artifacts/reproducibility/metrics/outputs/RuModernBERT-legal-mlm-20e/checkpoint-120000/trainer_state.json
2153	/mnt/pool/6/vokirova/rumodernbert-legal-mlm/artifacts/reproducibility/metrics/outputs/RuModernBERT-legal-mlm-20e/checkpoint-130000/config.json
837	/mnt/pool/6/vokirova/rumodernbert-legal-mlm/artifacts/reproducibility/metrics/outputs/RuModernBERT-legal-mlm-20e/checkpoint-130000/special_tokens_map.json
4752657	/mnt/pool/6/vokirova/rumodernbert-legal-mlm/artifacts/reproducibility/metrics/outputs/RuModernBERT-legal-mlm-20e/checkpoint-130000/tokenizer.json
19940	/mnt/pool/6/vokirova/rumodernbert-legal-mlm/artifacts/reproducibility/metrics/outputs/RuModernBERT-legal-mlm-20e/checkpoint-130000/tokenizer_config.json
231227	/mnt/pool/6/vokirova/rumodernbert-legal-mlm/artifacts/reproducibility/metrics/outputs/RuModernBERT-legal-mlm-20e/checkpoint-130000/trainer_state.json
2153	/mnt/pool/6/vokirova/rumodernbert-legal-mlm/artifacts/reproducibility/metrics/outputs/RuModernBERT-legal-mlm-20e/checkpoint-140000/config.json
837	/mnt/pool/6/vokirova/rumodernbert-legal-mlm/artifacts/reproducibility/metrics/outputs/RuModernBERT-legal-mlm-20e/checkpoint-140000/special_tokens_map.json
4752657	/mnt/pool/6/vokirova/rumodernbert-legal-mlm/artifacts/reproducibility/metrics/outputs/RuModernBERT-legal-mlm-20e/checkpoint-140000/tokenizer.json
19940	/mnt/pool/6/vokirova/rumodernbert-legal-mlm/artifacts/reproducibility/metrics/outputs/RuModernBERT-legal-mlm-20e/checkpoint-140000/tokenizer_config.json
249101	/mnt/pool/6/vokirova/rumodernbert-legal-mlm/artifacts/reproducibility/metrics/outputs/RuModernBERT-legal-mlm-20e/checkpoint-140000/trainer_state.json
2153	/mnt/pool/6/vokirova/rumodernbert-legal-mlm/artifacts/reproducibility/metrics/outputs/RuModernBERT-legal-mlm-20e/checkpoint-150000/config.json
837	/mnt/pool/6/vokirova/rumodernbert-legal-mlm/artifacts/reproducibility/metrics/outputs/RuModernBERT-legal-mlm-20e/checkpoint-150000/special_tokens_map.json
4752657	/mnt/pool/6/vokirova/rumodernbert-legal-mlm/artifacts/reproducibility/metrics/outputs/RuModernBERT-legal-mlm-20e/checkpoint-150000/tokenizer.json
19940	/mnt/pool/6/vokirova/rumodernbert-legal-mlm/artifacts/reproducibility/metrics/outputs/RuModernBERT-legal-mlm-20e/checkpoint-150000/tokenizer_config.json
267006	/mnt/pool/6/vokirova/rumodernbert-legal-mlm/artifacts/reproducibility/metrics/outputs/RuModernBERT-legal-mlm-20e/checkpoint-150000/trainer_state.json
2153	/mnt/pool/6/vokirova/rumodernbert-legal-mlm/artifacts/reproducibility/metrics/outputs/RuModernBERT-legal-mlm-20e/checkpoint-160000/config.json
837	/mnt/pool/6/vokirova/rumodernbert-legal-mlm/artifacts/reproducibility/metrics/outputs/RuModernBERT-legal-mlm-20e/checkpoint-160000/special_tokens_map.json
4752657	/mnt/pool/6/vokirova/rumodernbert-legal-mlm/artifacts/reproducibility/metrics/outputs/RuModernBERT-legal-mlm-20e/checkpoint-160000/tokenizer.json
19940	/mnt/pool/6/vokirova/rumodernbert-legal-mlm/artifacts/reproducibility/metrics/outputs/RuModernBERT-legal-mlm-20e/checkpoint-160000/tokenizer_config.json
284890	/mnt/pool/6/vokirova/rumodernbert-legal-mlm/artifacts/reproducibility/metrics/outputs/RuModernBERT-legal-mlm-20e/checkpoint-160000/trainer_state.json
2153	/mnt/pool/6/vokirova/rumodernbert-legal-mlm/artifacts/reproducibility/metrics/outputs/RuModernBERT-legal-mlm-20e/checkpoint-170000/config.json
837	/mnt/pool/6/vokirova/rumodernbert-legal-mlm/artifacts/reproducibility/metrics/outputs/RuModernBERT-legal-mlm-20e/checkpoint-170000/special_tokens_map.json
4752657	/mnt/pool/6/vokirova/rumodernbert-legal-mlm/artifacts/reproducibility/metrics/outputs/RuModernBERT-legal-mlm-20e/checkpoint-170000/tokenizer.json
19940	/mnt/pool/6/vokirova/rumodernbert-legal-mlm/artifacts/reproducibility/metrics/outputs/RuModernBERT-legal-mlm-20e/checkpoint-170000/tokenizer_config.json
302808	/mnt/pool/6/vokirova/rumodernbert-legal-mlm/artifacts/reproducibility/metrics/outputs/RuModernBERT-legal-mlm-20e/checkpoint-170000/trainer_state.json
2153	/mnt/pool/6/vokirova/rumodernbert-legal-mlm/artifacts/reproducibility/metrics/outputs/RuModernBERT-legal-mlm-20e/checkpoint-180000/config.json
837	/mnt/pool/6/vokirova/rumodernbert-legal-mlm/artifacts/reproducibility/metrics/outputs/RuModernBERT-legal-mlm-20e/checkpoint-180000/special_tokens_map.json
4752657	/mnt/pool/6/vokirova/rumodernbert-legal-mlm/artifacts/reproducibility/metrics/outputs/RuModernBERT-legal-mlm-20e/checkpoint-180000/tokenizer.json
19940	/mnt/pool/6/vokirova/rumodernbert-legal-mlm/artifacts/reproducibility/metrics/outputs/RuModernBERT-legal-mlm-20e/checkpoint-180000/tokenizer_config.json
320702	/mnt/pool/6/vokirova/rumodernbert-legal-mlm/artifacts/reproducibility/metrics/outputs/RuModernBERT-legal-mlm-20e/checkpoint-180000/trainer_state.json
2153	/mnt/pool/6/vokirova/rumodernbert-legal-mlm/artifacts/reproducibility/metrics/outputs/RuModernBERT-legal-mlm-20e/checkpoint-190000/config.json
837	/mnt/pool/6/vokirova/rumodernbert-legal-mlm/artifacts/reproducibility/metrics/outputs/RuModernBERT-legal-mlm-20e/checkpoint-190000/special_tokens_map.json
4752657	/mnt/pool/6/vokirova/rumodernbert-legal-mlm/artifacts/reproducibility/metrics/outputs/RuModernBERT-legal-mlm-20e/checkpoint-190000/tokenizer.json
19940	/mnt/pool/6/vokirova/rumodernbert-legal-mlm/artifacts/reproducibility/metrics/outputs/RuModernBERT-legal-mlm-20e/checkpoint-190000/tokenizer_config.json
338620	/mnt/pool/6/vokirova/rumodernbert-legal-mlm/artifacts/reproducibility/metrics/outputs/RuModernBERT-legal-mlm-20e/checkpoint-190000/trainer_state.json
2153	/mnt/pool/6/vokirova/rumodernbert-legal-mlm/artifacts/reproducibility/metrics/outputs/RuModernBERT-legal-mlm-20e/checkpoint-20000/config.json
837	/mnt/pool/6/vokirova/rumodernbert-legal-mlm/artifacts/reproducibility/metrics/outputs/RuModernBERT-legal-mlm-20e/checkpoint-20000/special_tokens_map.json
4752657	/mnt/pool/6/vokirova/rumodernbert-legal-mlm/artifacts/reproducibility/metrics/outputs/RuModernBERT-legal-mlm-20e/checkpoint-20000/tokenizer.json
19940	/mnt/pool/6/vokirova/rumodernbert-legal-mlm/artifacts/reproducibility/metrics/outputs/RuModernBERT-legal-mlm-20e/checkpoint-20000/tokenizer_config.json
36464	/mnt/pool/6/vokirova/rumodernbert-legal-mlm/artifacts/reproducibility/metrics/outputs/RuModernBERT-legal-mlm-20e/checkpoint-20000/trainer_state.json
2153	/mnt/pool/6/vokirova/rumodernbert-legal-mlm/artifacts/reproducibility/metrics/outputs/RuModernBERT-legal-mlm-20e/checkpoint-200000/config.json
837	/mnt/pool/6/vokirova/rumodernbert-legal-mlm/artifacts/reproducibility/metrics/outputs/RuModernBERT-legal-mlm-20e/checkpoint-200000/special_tokens_map.json
4752657	/mnt/pool/6/vokirova/rumodernbert-legal-mlm/artifacts/reproducibility/metrics/outputs/RuModernBERT-legal-mlm-20e/checkpoint-200000/tokenizer.json
19940	/mnt/pool/6/vokirova/rumodernbert-legal-mlm/artifacts/reproducibility/metrics/outputs/RuModernBERT-legal-mlm-20e/checkpoint-200000/tokenizer_config.json
356477	/mnt/pool/6/vokirova/rumodernbert-legal-mlm/artifacts/reproducibility/metrics/outputs/RuModernBERT-legal-mlm-20e/checkpoint-200000/trainer_state.json
2153	/mnt/pool/6/vokirova/rumodernbert-legal-mlm/artifacts/reproducibility/metrics/outputs/RuModernBERT-legal-mlm-20e/checkpoint-210000/config.json
837	/mnt/pool/6/vokirova/rumodernbert-legal-mlm/artifacts/reproducibility/metrics/outputs/RuModernBERT-legal-mlm-20e/checkpoint-210000/special_tokens_map.json
4752657	/mnt/pool/6/vokirova/rumodernbert-legal-mlm/artifacts/reproducibility/metrics/outputs/RuModernBERT-legal-mlm-20e/checkpoint-210000/tokenizer.json
19940	/mnt/pool/6/vokirova/rumodernbert-legal-mlm/artifacts/reproducibility/metrics/outputs/RuModernBERT-legal-mlm-20e/checkpoint-210000/tokenizer_config.json
374307	/mnt/pool/6/vokirova/rumodernbert-legal-mlm/artifacts/reproducibility/metrics/outputs/RuModernBERT-legal-mlm-20e/checkpoint-210000/trainer_state.json
2153	/mnt/pool/6/vokirova/rumodernbert-legal-mlm/artifacts/reproducibility/metrics/outputs/RuModernBERT-legal-mlm-20e/checkpoint-30000/config.json
837	/mnt/pool/6/vokirova/rumodernbert-legal-mlm/artifacts/reproducibility/metrics/outputs/RuModernBERT-legal-mlm-20e/checkpoint-30000/special_tokens_map.json
4752657	/mnt/pool/6/vokirova/rumodernbert-legal-mlm/artifacts/reproducibility/metrics/outputs/RuModernBERT-legal-mlm-20e/checkpoint-30000/tokenizer.json
19940	/mnt/pool/6/vokirova/rumodernbert-legal-mlm/artifacts/reproducibility/metrics/outputs/RuModernBERT-legal-mlm-20e/checkpoint-30000/tokenizer_config.json
54174	/mnt/pool/6/vokirova/rumodernbert-legal-mlm/artifacts/reproducibility/metrics/outputs/RuModernBERT-legal-mlm-20e/checkpoint-30000/trainer_state.json
2153	/mnt/pool/6/vokirova/rumodernbert-legal-mlm/artifacts/reproducibility/metrics/outputs/RuModernBERT-legal-mlm-20e/checkpoint-40000/config.json
837	/mnt/pool/6/vokirova/rumodernbert-legal-mlm/artifacts/reproducibility/metrics/outputs/RuModernBERT-legal-mlm-20e/checkpoint-40000/special_tokens_map.json
4752657	/mnt/pool/6/vokirova/rumodernbert-legal-mlm/artifacts/reproducibility/metrics/outputs/RuModernBERT-legal-mlm-20e/checkpoint-40000/tokenizer.json
19940	/mnt/pool/6/vokirova/rumodernbert-legal-mlm/artifacts/reproducibility/metrics/outputs/RuModernBERT-legal-mlm-20e/checkpoint-40000/tokenizer_config.json
71866	/mnt/pool/6/vokirova/rumodernbert-legal-mlm/artifacts/reproducibility/metrics/outputs/RuModernBERT-legal-mlm-20e/checkpoint-40000/trainer_state.json
2153	/mnt/pool/6/vokirova/rumodernbert-legal-mlm/artifacts/reproducibility/metrics/outputs/RuModernBERT-legal-mlm-20e/checkpoint-50000/config.json
837	/mnt/pool/6/vokirova/rumodernbert-legal-mlm/artifacts/reproducibility/metrics/outputs/RuModernBERT-legal-mlm-20e/checkpoint-50000/special_tokens_map.json
4752657	/mnt/pool/6/vokirova/rumodernbert-legal-mlm/artifacts/reproducibility/metrics/outputs/RuModernBERT-legal-mlm-20e/checkpoint-50000/tokenizer.json
19940	/mnt/pool/6/vokirova/rumodernbert-legal-mlm/artifacts/reproducibility/metrics/outputs/RuModernBERT-legal-mlm-20e/checkpoint-50000/tokenizer_config.json
89558	/mnt/pool/6/vokirova/rumodernbert-legal-mlm/artifacts/reproducibility/metrics/outputs/RuModernBERT-legal-mlm-20e/checkpoint-50000/trainer_state.json
2153	/mnt/pool/6/vokirova/rumodernbert-legal-mlm/artifacts/reproducibility/metrics/outputs/RuModernBERT-legal-mlm-20e/checkpoint-60000/config.json
837	/mnt/pool/6/vokirova/rumodernbert-legal-mlm/artifacts/reproducibility/metrics/outputs/RuModernBERT-legal-mlm-20e/checkpoint-60000/special_tokens_map.json
4752657	/mnt/pool/6/vokirova/rumodernbert-legal-mlm/artifacts/reproducibility/metrics/outputs/RuModernBERT-legal-mlm-20e/checkpoint-60000/tokenizer.json
19940	/mnt/pool/6/vokirova/rumodernbert-legal-mlm/artifacts/reproducibility/metrics/outputs/RuModernBERT-legal-mlm-20e/checkpoint-60000/tokenizer_config.json
107206	/mnt/pool/6/vokirova/rumodernbert-legal-mlm/artifacts/reproducibility/metrics/outputs/RuModernBERT-legal-mlm-20e/checkpoint-60000/trainer_state.json
2153	/mnt/pool/6/vokirova/rumodernbert-legal-mlm/artifacts/reproducibility/metrics/outputs/RuModernBERT-legal-mlm-20e/checkpoint-70000/config.json
837	/mnt/pool/6/vokirova/rumodernbert-legal-mlm/artifacts/reproducibility/metrics/outputs/RuModernBERT-legal-mlm-20e/checkpoint-70000/special_tokens_map.json
4752657	/mnt/pool/6/vokirova/rumodernbert-legal-mlm/artifacts/reproducibility/metrics/outputs/RuModernBERT-legal-mlm-20e/checkpoint-70000/tokenizer.json
19940	/mnt/pool/6/vokirova/rumodernbert-legal-mlm/artifacts/reproducibility/metrics/outputs/RuModernBERT-legal-mlm-20e/checkpoint-70000/tokenizer_config.json
124876	/mnt/pool/6/vokirova/rumodernbert-legal-mlm/artifacts/reproducibility/metrics/outputs/RuModernBERT-legal-mlm-20e/checkpoint-70000/trainer_state.json
2153	/mnt/pool/6/vokirova/rumodernbert-legal-mlm/artifacts/reproducibility/metrics/outputs/RuModernBERT-legal-mlm-20e/checkpoint-80000/config.json
837	/mnt/pool/6/vokirova/rumodernbert-legal-mlm/artifacts/reproducibility/metrics/outputs/RuModernBERT-legal-mlm-20e/checkpoint-80000/special_tokens_map.json
4752657	/mnt/pool/6/vokirova/rumodernbert-legal-mlm/artifacts/reproducibility/metrics/outputs/RuModernBERT-legal-mlm-20e/checkpoint-80000/tokenizer.json
19940	/mnt/pool/6/vokirova/rumodernbert-legal-mlm/artifacts/reproducibility/metrics/outputs/RuModernBERT-legal-mlm-20e/checkpoint-80000/tokenizer_config.json
142555	/mnt/pool/6/vokirova/rumodernbert-legal-mlm/artifacts/reproducibility/metrics/outputs/RuModernBERT-legal-mlm-20e/checkpoint-80000/trainer_state.json
2153	/mnt/pool/6/vokirova/rumodernbert-legal-mlm/artifacts/reproducibility/metrics/outputs/RuModernBERT-legal-mlm-20e/checkpoint-90000/config.json
837	/mnt/pool/6/vokirova/rumodernbert-legal-mlm/artifacts/reproducibility/metrics/outputs/RuModernBERT-legal-mlm-20e/checkpoint-90000/special_tokens_map.json
4752657	/mnt/pool/6/vokirova/rumodernbert-legal-mlm/artifacts/reproducibility/metrics/outputs/RuModernBERT-legal-mlm-20e/checkpoint-90000/tokenizer.json
19940	/mnt/pool/6/vokirova/rumodernbert-legal-mlm/artifacts/reproducibility/metrics/outputs/RuModernBERT-legal-mlm-20e/checkpoint-90000/tokenizer_config.json
160233	/mnt/pool/6/vokirova/rumodernbert-legal-mlm/artifacts/reproducibility/metrics/outputs/RuModernBERT-legal-mlm-20e/checkpoint-90000/trainer_state.json
2153	/mnt/pool/6/vokirova/rumodernbert-legal-mlm/artifacts/reproducibility/metrics/outputs/RuModernBERT-legal-mlm-20e/config.json
837	/mnt/pool/6/vokirova/rumodernbert-legal-mlm/artifacts/reproducibility/metrics/outputs/RuModernBERT-legal-mlm-20e/special_tokens_map.json
4752657	/mnt/pool/6/vokirova/rumodernbert-legal-mlm/artifacts/reproducibility/metrics/outputs/RuModernBERT-legal-mlm-20e/tokenizer.json
19940	/mnt/pool/6/vokirova/rumodernbert-legal-mlm/artifacts/reproducibility/metrics/outputs/RuModernBERT-legal-mlm-20e/tokenizer_config.json
2153	/mnt/pool/6/vokirova/rumodernbert-legal-mlm/artifacts/reproducibility/metrics/outputs/RuModernBERT-legal-mlm/checkpoint-2/config.json
837	/mnt/pool/6/vokirova/rumodernbert-legal-mlm/artifacts/reproducibility/metrics/outputs/RuModernBERT-legal-mlm/checkpoint-2/special_tokens_map.json
4752657	/mnt/pool/6/vokirova/rumodernbert-legal-mlm/artifacts/reproducibility/metrics/outputs/RuModernBERT-legal-mlm/checkpoint-2/tokenizer.json
19940	/mnt/pool/6/vokirova/rumodernbert-legal-mlm/artifacts/reproducibility/metrics/outputs/RuModernBERT-legal-mlm/checkpoint-2/tokenizer_config.json
781	/mnt/pool/6/vokirova/rumodernbert-legal-mlm/artifacts/reproducibility/metrics/outputs/RuModernBERT-legal-mlm/checkpoint-2/trainer_state.json
2153	/mnt/pool/6/vokirova/rumodernbert-legal-mlm/artifacts/reproducibility/metrics/outputs/RuModernBERT-legal-mlm/config.json
837	/mnt/pool/6/vokirova/rumodernbert-legal-mlm/artifacts/reproducibility/metrics/outputs/RuModernBERT-legal-mlm/special_tokens_map.json
4752657	/mnt/pool/6/vokirova/rumodernbert-legal-mlm/artifacts/reproducibility/metrics/outputs/RuModernBERT-legal-mlm/tokenizer.json
19940	/mnt/pool/6/vokirova/rumodernbert-legal-mlm/artifacts/reproducibility/metrics/outputs/RuModernBERT-legal-mlm/tokenizer_config.json
837	/mnt/pool/6/vokirova/rumodernbert-legal-mlm/artifacts/reproducibility/metrics/outputs/RuModernBERT-legal-multitask-heads/checkpoint-10000/special_tokens_map.json
4752657	/mnt/pool/6/vokirova/rumodernbert-legal-mlm/artifacts/reproducibility/metrics/outputs/RuModernBERT-legal-multitask-heads/checkpoint-10000/tokenizer.json
19940	/mnt/pool/6/vokirova/rumodernbert-legal-mlm/artifacts/reproducibility/metrics/outputs/RuModernBERT-legal-multitask-heads/checkpoint-10000/tokenizer_config.json
18848	/mnt/pool/6/vokirova/rumodernbert-legal-mlm/artifacts/reproducibility/metrics/outputs/RuModernBERT-legal-multitask-heads/checkpoint-10000/trainer_state.json
837	/mnt/pool/6/vokirova/rumodernbert-legal-mlm/artifacts/reproducibility/metrics/outputs/RuModernBERT-legal-multitask-heads/checkpoint-15000/special_tokens_map.json
4752657	/mnt/pool/6/vokirova/rumodernbert-legal-mlm/artifacts/reproducibility/metrics/outputs/RuModernBERT-legal-multitask-heads/checkpoint-15000/tokenizer.json
19940	/mnt/pool/6/vokirova/rumodernbert-legal-mlm/artifacts/reproducibility/metrics/outputs/RuModernBERT-legal-multitask-heads/checkpoint-15000/tokenizer_config.json
27887	/mnt/pool/6/vokirova/rumodernbert-legal-mlm/artifacts/reproducibility/metrics/outputs/RuModernBERT-legal-multitask-heads/checkpoint-15000/trainer_state.json
837	/mnt/pool/6/vokirova/rumodernbert-legal-mlm/artifacts/reproducibility/metrics/outputs/RuModernBERT-legal-multitask-heads/checkpoint-20000/special_tokens_map.json
4752657	/mnt/pool/6/vokirova/rumodernbert-legal-mlm/artifacts/reproducibility/metrics/outputs/RuModernBERT-legal-multitask-heads/checkpoint-20000/tokenizer.json
19940	/mnt/pool/6/vokirova/rumodernbert-legal-mlm/artifacts/reproducibility/metrics/outputs/RuModernBERT-legal-multitask-heads/checkpoint-20000/tokenizer_config.json
36938	/mnt/pool/6/vokirova/rumodernbert-legal-mlm/artifacts/reproducibility/metrics/outputs/RuModernBERT-legal-multitask-heads/checkpoint-20000/trainer_state.json
837	/mnt/pool/6/vokirova/rumodernbert-legal-mlm/artifacts/reproducibility/metrics/outputs/RuModernBERT-legal-multitask-heads/checkpoint-22665/special_tokens_map.json
4752657	/mnt/pool/6/vokirova/rumodernbert-legal-mlm/artifacts/reproducibility/metrics/outputs/RuModernBERT-legal-multitask-heads/checkpoint-22665/tokenizer.json
19940	/mnt/pool/6/vokirova/rumodernbert-legal-mlm/artifacts/reproducibility/metrics/outputs/RuModernBERT-legal-multitask-heads/checkpoint-22665/tokenizer_config.json
41514	/mnt/pool/6/vokirova/rumodernbert-legal-mlm/artifacts/reproducibility/metrics/outputs/RuModernBERT-legal-multitask-heads/checkpoint-22665/trainer_state.json
837	/mnt/pool/6/vokirova/rumodernbert-legal-mlm/artifacts/reproducibility/metrics/outputs/RuModernBERT-legal-multitask-heads/checkpoint-5000/special_tokens_map.json
4752657	/mnt/pool/6/vokirova/rumodernbert-legal-mlm/artifacts/reproducibility/metrics/outputs/RuModernBERT-legal-multitask-heads/checkpoint-5000/tokenizer.json
19940	/mnt/pool/6/vokirova/rumodernbert-legal-mlm/artifacts/reproducibility/metrics/outputs/RuModernBERT-legal-multitask-heads/checkpoint-5000/tokenizer_config.json
9828	/mnt/pool/6/vokirova/rumodernbert-legal-mlm/artifacts/reproducibility/metrics/outputs/RuModernBERT-legal-multitask-heads/checkpoint-5000/trainer_state.json
149708	/mnt/pool/6/vokirova/rumodernbert-legal-mlm/artifacts/reproducibility/metrics/outputs/RuModernBERT-legal-multitask-heads/label_maps.json
837	/mnt/pool/6/vokirova/rumodernbert-legal-mlm/artifacts/reproducibility/metrics/outputs/RuModernBERT-legal-multitask-heads/special_tokens_map.json
4752657	/mnt/pool/6/vokirova/rumodernbert-legal-mlm/artifacts/reproducibility/metrics/outputs/RuModernBERT-legal-multitask-heads/tokenizer.json
19940	/mnt/pool/6/vokirova/rumodernbert-legal-mlm/artifacts/reproducibility/metrics/outputs/RuModernBERT-legal-multitask-heads/tokenizer_config.json
2540	/mnt/pool/6/vokirova/rumodernbert-legal-mlm/artifacts/reproducibility/metrics/outputs/RuModernBERT-legal-ner-deduplicated/checkpoint-10000/config.json
837	/mnt/pool/6/vokirova/rumodernbert-legal-mlm/artifacts/reproducibility/metrics/outputs/RuModernBERT-legal-ner-deduplicated/checkpoint-10000/special_tokens_map.json
4752657	/mnt/pool/6/vokirova/rumodernbert-legal-mlm/artifacts/reproducibility/metrics/outputs/RuModernBERT-legal-ner-deduplicated/checkpoint-10000/tokenizer.json
19940	/mnt/pool/6/vokirova/rumodernbert-legal-mlm/artifacts/reproducibility/metrics/outputs/RuModernBERT-legal-ner-deduplicated/checkpoint-10000/tokenizer_config.json
19132	/mnt/pool/6/vokirova/rumodernbert-legal-mlm/artifacts/reproducibility/metrics/outputs/RuModernBERT-legal-ner-deduplicated/checkpoint-10000/trainer_state.json
2540	/mnt/pool/6/vokirova/rumodernbert-legal-mlm/artifacts/reproducibility/metrics/outputs/RuModernBERT-legal-ner-deduplicated/checkpoint-15000/config.json
837	/mnt/pool/6/vokirova/rumodernbert-legal-mlm/artifacts/reproducibility/metrics/outputs/RuModernBERT-legal-ner-deduplicated/checkpoint-15000/special_tokens_map.json
4752657	/mnt/pool/6/vokirova/rumodernbert-legal-mlm/artifacts/reproducibility/metrics/outputs/RuModernBERT-legal-ner-deduplicated/checkpoint-15000/tokenizer.json
19940	/mnt/pool/6/vokirova/rumodernbert-legal-mlm/artifacts/reproducibility/metrics/outputs/RuModernBERT-legal-ner-deduplicated/checkpoint-15000/tokenizer_config.json
28355	/mnt/pool/6/vokirova/rumodernbert-legal-mlm/artifacts/reproducibility/metrics/outputs/RuModernBERT-legal-ner-deduplicated/checkpoint-15000/trainer_state.json
2540	/mnt/pool/6/vokirova/rumodernbert-legal-mlm/artifacts/reproducibility/metrics/outputs/RuModernBERT-legal-ner-deduplicated/checkpoint-20000/config.json
837	/mnt/pool/6/vokirova/rumodernbert-legal-mlm/artifacts/reproducibility/metrics/outputs/RuModernBERT-legal-ner-deduplicated/checkpoint-20000/special_tokens_map.json
4752657	/mnt/pool/6/vokirova/rumodernbert-legal-mlm/artifacts/reproducibility/metrics/outputs/RuModernBERT-legal-ner-deduplicated/checkpoint-20000/tokenizer.json
19940	/mnt/pool/6/vokirova/rumodernbert-legal-mlm/artifacts/reproducibility/metrics/outputs/RuModernBERT-legal-ner-deduplicated/checkpoint-20000/tokenizer_config.json
37449	/mnt/pool/6/vokirova/rumodernbert-legal-mlm/artifacts/reproducibility/metrics/outputs/RuModernBERT-legal-ner-deduplicated/checkpoint-20000/trainer_state.json
2540	/mnt/pool/6/vokirova/rumodernbert-legal-mlm/artifacts/reproducibility/metrics/outputs/RuModernBERT-legal-ner-deduplicated/checkpoint-24615/config.json
837	/mnt/pool/6/vokirova/rumodernbert-legal-mlm/artifacts/reproducibility/metrics/outputs/RuModernBERT-legal-ner-deduplicated/checkpoint-24615/special_tokens_map.json
4752657	/mnt/pool/6/vokirova/rumodernbert-legal-mlm/artifacts/reproducibility/metrics/outputs/RuModernBERT-legal-ner-deduplicated/checkpoint-24615/tokenizer.json
19940	/mnt/pool/6/vokirova/rumodernbert-legal-mlm/artifacts/reproducibility/metrics/outputs/RuModernBERT-legal-ner-deduplicated/checkpoint-24615/tokenizer_config.json
45507	/mnt/pool/6/vokirova/rumodernbert-legal-mlm/artifacts/reproducibility/metrics/outputs/RuModernBERT-legal-ner-deduplicated/checkpoint-24615/trainer_state.json
2540	/mnt/pool/6/vokirova/rumodernbert-legal-mlm/artifacts/reproducibility/metrics/outputs/RuModernBERT-legal-ner-deduplicated/checkpoint-5000/config.json
837	/mnt/pool/6/vokirova/rumodernbert-legal-mlm/artifacts/reproducibility/metrics/outputs/RuModernBERT-legal-ner-deduplicated/checkpoint-5000/special_tokens_map.json
4752657	/mnt/pool/6/vokirova/rumodernbert-legal-mlm/artifacts/reproducibility/metrics/outputs/RuModernBERT-legal-ner-deduplicated/checkpoint-5000/tokenizer.json
19940	/mnt/pool/6/vokirova/rumodernbert-legal-mlm/artifacts/reproducibility/metrics/outputs/RuModernBERT-legal-ner-deduplicated/checkpoint-5000/tokenizer_config.json
9957	/mnt/pool/6/vokirova/rumodernbert-legal-mlm/artifacts/reproducibility/metrics/outputs/RuModernBERT-legal-ner-deduplicated/checkpoint-5000/trainer_state.json
2540	/mnt/pool/6/vokirova/rumodernbert-legal-mlm/artifacts/reproducibility/metrics/outputs/RuModernBERT-legal-ner-deduplicated/config.json
519	/mnt/pool/6/vokirova/rumodernbert-legal-mlm/artifacts/reproducibility/metrics/outputs/RuModernBERT-legal-ner-deduplicated/ner_label_map.json
837	/mnt/pool/6/vokirova/rumodernbert-legal-mlm/artifacts/reproducibility/metrics/outputs/RuModernBERT-legal-ner-deduplicated/special_tokens_map.json
265	/mnt/pool/6/vokirova/rumodernbert-legal-mlm/artifacts/reproducibility/metrics/outputs/RuModernBERT-legal-ner-deduplicated/test_metrics.json
4752657	/mnt/pool/6/vokirova/rumodernbert-legal-mlm/artifacts/reproducibility/metrics/outputs/RuModernBERT-legal-ner-deduplicated/tokenizer.json
19940	/mnt/pool/6/vokirova/rumodernbert-legal-mlm/artifacts/reproducibility/metrics/outputs/RuModernBERT-legal-ner-deduplicated/tokenizer_config.json
2540	/mnt/pool/6/vokirova/rumodernbert-legal-mlm/artifacts/reproducibility/metrics/outputs/RuModernBERT-legal-ner/checkpoint-10000/config.json
837	/mnt/pool/6/vokirova/rumodernbert-legal-mlm/artifacts/reproducibility/metrics/outputs/RuModernBERT-legal-ner/checkpoint-10000/special_tokens_map.json
4752657	/mnt/pool/6/vokirova/rumodernbert-legal-mlm/artifacts/reproducibility/metrics/outputs/RuModernBERT-legal-ner/checkpoint-10000/tokenizer.json
19940	/mnt/pool/6/vokirova/rumodernbert-legal-mlm/artifacts/reproducibility/metrics/outputs/RuModernBERT-legal-ner/checkpoint-10000/tokenizer_config.json
19154	/mnt/pool/6/vokirova/rumodernbert-legal-mlm/artifacts/reproducibility/metrics/outputs/RuModernBERT-legal-ner/checkpoint-10000/trainer_state.json
2540	/mnt/pool/6/vokirova/rumodernbert-legal-mlm/artifacts/reproducibility/metrics/outputs/RuModernBERT-legal-ner/checkpoint-15000/config.json
837	/mnt/pool/6/vokirova/rumodernbert-legal-mlm/artifacts/reproducibility/metrics/outputs/RuModernBERT-legal-ner/checkpoint-15000/special_tokens_map.json
4752657	/mnt/pool/6/vokirova/rumodernbert-legal-mlm/artifacts/reproducibility/metrics/outputs/RuModernBERT-legal-ner/checkpoint-15000/tokenizer.json
19940	/mnt/pool/6/vokirova/rumodernbert-legal-mlm/artifacts/reproducibility/metrics/outputs/RuModernBERT-legal-ner/checkpoint-15000/tokenizer_config.json
28345	/mnt/pool/6/vokirova/rumodernbert-legal-mlm/artifacts/reproducibility/metrics/outputs/RuModernBERT-legal-ner/checkpoint-15000/trainer_state.json
2540	/mnt/pool/6/vokirova/rumodernbert-legal-mlm/artifacts/reproducibility/metrics/outputs/RuModernBERT-legal-ner/checkpoint-20000/config.json
837	/mnt/pool/6/vokirova/rumodernbert-legal-mlm/artifacts/reproducibility/metrics/outputs/RuModernBERT-legal-ner/checkpoint-20000/special_tokens_map.json
4752657	/mnt/pool/6/vokirova/rumodernbert-legal-mlm/artifacts/reproducibility/metrics/outputs/RuModernBERT-legal-ner/checkpoint-20000/tokenizer.json
19940	/mnt/pool/6/vokirova/rumodernbert-legal-mlm/artifacts/reproducibility/metrics/outputs/RuModernBERT-legal-ner/checkpoint-20000/tokenizer_config.json
37454	/mnt/pool/6/vokirova/rumodernbert-legal-mlm/artifacts/reproducibility/metrics/outputs/RuModernBERT-legal-ner/checkpoint-20000/trainer_state.json
2540	/mnt/pool/6/vokirova/rumodernbert-legal-mlm/artifacts/reproducibility/metrics/outputs/RuModernBERT-legal-ner/checkpoint-25000/config.json
837	/mnt/pool/6/vokirova/rumodernbert-legal-mlm/artifacts/reproducibility/metrics/outputs/RuModernBERT-legal-ner/checkpoint-25000/special_tokens_map.json
4752657	/mnt/pool/6/vokirova/rumodernbert-legal-mlm/artifacts/reproducibility/metrics/outputs/RuModernBERT-legal-ner/checkpoint-25000/tokenizer.json
19940	/mnt/pool/6/vokirova/rumodernbert-legal-mlm/artifacts/reproducibility/metrics/outputs/RuModernBERT-legal-ner/checkpoint-25000/tokenizer_config.json
46560	/mnt/pool/6/vokirova/rumodernbert-legal-mlm/artifacts/reproducibility/metrics/outputs/RuModernBERT-legal-ner/checkpoint-25000/trainer_state.json
2540	/mnt/pool/6/vokirova/rumodernbert-legal-mlm/artifacts/reproducibility/metrics/outputs/RuModernBERT-legal-ner/checkpoint-27726/config.json
837	/mnt/pool/6/vokirova/rumodernbert-legal-mlm/artifacts/reproducibility/metrics/outputs/RuModernBERT-legal-ner/checkpoint-27726/special_tokens_map.json
4752657	/mnt/pool/6/vokirova/rumodernbert-legal-mlm/artifacts/reproducibility/metrics/outputs/RuModernBERT-legal-ner/checkpoint-27726/tokenizer.json
19940	/mnt/pool/6/vokirova/rumodernbert-legal-mlm/artifacts/reproducibility/metrics/outputs/RuModernBERT-legal-ner/checkpoint-27726/tokenizer_config.json
51273	/mnt/pool/6/vokirova/rumodernbert-legal-mlm/artifacts/reproducibility/metrics/outputs/RuModernBERT-legal-ner/checkpoint-27726/trainer_state.json
2540	/mnt/pool/6/vokirova/rumodernbert-legal-mlm/artifacts/reproducibility/metrics/outputs/RuModernBERT-legal-ner/checkpoint-5000/config.json
837	/mnt/pool/6/vokirova/rumodernbert-legal-mlm/artifacts/reproducibility/metrics/outputs/RuModernBERT-legal-ner/checkpoint-5000/special_tokens_map.json
4752657	/mnt/pool/6/vokirova/rumodernbert-legal-mlm/artifacts/reproducibility/metrics/outputs/RuModernBERT-legal-ner/checkpoint-5000/tokenizer.json
19940	/mnt/pool/6/vokirova/rumodernbert-legal-mlm/artifacts/reproducibility/metrics/outputs/RuModernBERT-legal-ner/checkpoint-5000/tokenizer_config.json
9955	/mnt/pool/6/vokirova/rumodernbert-legal-mlm/artifacts/reproducibility/metrics/outputs/RuModernBERT-legal-ner/checkpoint-5000/trainer_state.json
2540	/mnt/pool/6/vokirova/rumodernbert-legal-mlm/artifacts/reproducibility/metrics/outputs/RuModernBERT-legal-ner/config.json
519	/mnt/pool/6/vokirova/rumodernbert-legal-mlm/artifacts/reproducibility/metrics/outputs/RuModernBERT-legal-ner/ner_label_map.json
837	/mnt/pool/6/vokirova/rumodernbert-legal-mlm/artifacts/reproducibility/metrics/outputs/RuModernBERT-legal-ner/special_tokens_map.json
265	/mnt/pool/6/vokirova/rumodernbert-legal-mlm/artifacts/reproducibility/metrics/outputs/RuModernBERT-legal-ner/test_metrics.json
4752657	/mnt/pool/6/vokirova/rumodernbert-legal-mlm/artifacts/reproducibility/metrics/outputs/RuModernBERT-legal-ner/tokenizer.json
19940	/mnt/pool/6/vokirova/rumodernbert-legal-mlm/artifacts/reproducibility/metrics/outputs/RuModernBERT-legal-ner/tokenizer_config.json
18576	/mnt/pool/6/vokirova/rumodernbert-legal-mlm/artifacts/reproducibility/metrics/outputs/evidence/mlm-context/base-L2048-S101.json
13944	/mnt/pool/6/vokirova/rumodernbert-legal-mlm/artifacts/reproducibility/metrics/outputs/evidence/mlm-context/base-L2048-S11.json
16022	/mnt/pool/6/vokirova/rumodernbert-legal-mlm/artifacts/reproducibility/metrics/outputs/evidence/mlm-context/base-L2048-S23.json
18631	/mnt/pool/6/vokirova/rumodernbert-legal-mlm/artifacts/reproducibility/metrics/outputs/evidence/mlm-context/base-L2048-S42.json
13353	/mnt/pool/6/vokirova/rumodernbert-legal-mlm/artifacts/reproducibility/metrics/outputs/evidence/mlm-context/base-L2048-S67.json
18742	/mnt/pool/6/vokirova/rumodernbert-legal-mlm/artifacts/reproducibility/metrics/outputs/evidence/mlm-context/base-L512-S101.json
15319	/mnt/pool/6/vokirova/rumodernbert-legal-mlm/artifacts/reproducibility/metrics/outputs/evidence/mlm-context/base-L512-S11.json
12964	/mnt/pool/6/vokirova/rumodernbert-legal-mlm/artifacts/reproducibility/metrics/outputs/evidence/mlm-context/base-L512-S23.json
11370	/mnt/pool/6/vokirova/rumodernbert-legal-mlm/artifacts/reproducibility/metrics/outputs/evidence/mlm-context/base-L512-S42.json
11475	/mnt/pool/6/vokirova/rumodernbert-legal-mlm/artifacts/reproducibility/metrics/outputs/evidence/mlm-context/base-L512-S67.json
13967	/mnt/pool/6/vokirova/rumodernbert-legal-mlm/artifacts/reproducibility/metrics/outputs/evidence/mlm-context/base-L8192-S101.json
14389	/mnt/pool/6/vokirova/rumodernbert-legal-mlm/artifacts/reproducibility/metrics/outputs/evidence/mlm-context/base-L8192-S11.json
21606	/mnt/pool/6/vokirova/rumodernbert-legal-mlm/artifacts/reproducibility/metrics/outputs/evidence/mlm-context/base-L8192-S23.json
21827	/mnt/pool/6/vokirova/rumodernbert-legal-mlm/artifacts/reproducibility/metrics/outputs/evidence/mlm-context/base-L8192-S42.json
13826	/mnt/pool/6/vokirova/rumodernbert-legal-mlm/artifacts/reproducibility/metrics/outputs/evidence/mlm-context/base-L8192-S67.json
13366	/mnt/pool/6/vokirova/rumodernbert-legal-mlm/artifacts/reproducibility/metrics/outputs/evidence/mlm-context/law-L2048-S101.json
21818	/mnt/pool/6/vokirova/rumodernbert-legal-mlm/artifacts/reproducibility/metrics/outputs/evidence/mlm-context/law-L2048-S11.json
13354	/mnt/pool/6/vokirova/rumodernbert-legal-mlm/artifacts/reproducibility/metrics/outputs/evidence/mlm-context/law-L2048-S23.json
19874	/mnt/pool/6/vokirova/rumodernbert-legal-mlm/artifacts/reproducibility/metrics/outputs/evidence/mlm-context/law-L2048-S42.json
17793	/mnt/pool/6/vokirova/rumodernbert-legal-mlm/artifacts/reproducibility/metrics/outputs/evidence/mlm-context/law-L2048-S67.json
13237	/mnt/pool/6/vokirova/rumodernbert-legal-mlm/artifacts/reproducibility/metrics/outputs/evidence/mlm-context/law-L512-S101.json
12843	/mnt/pool/6/vokirova/rumodernbert-legal-mlm/artifacts/reproducibility/metrics/outputs/evidence/mlm-context/law-L512-S11.json
15026	/mnt/pool/6/vokirova/rumodernbert-legal-mlm/artifacts/reproducibility/metrics/outputs/evidence/mlm-context/law-L512-S23.json
20741	/mnt/pool/6/vokirova/rumodernbert-legal-mlm/artifacts/reproducibility/metrics/outputs/evidence/mlm-context/law-L512-S42.json
12244	/mnt/pool/6/vokirova/rumodernbert-legal-mlm/artifacts/reproducibility/metrics/outputs/evidence/mlm-context/law-L512-S67.json
14226	/mnt/pool/6/vokirova/rumodernbert-legal-mlm/artifacts/reproducibility/metrics/outputs/evidence/mlm-context/law-L8192-S101.json
20136	/mnt/pool/6/vokirova/rumodernbert-legal-mlm/artifacts/reproducibility/metrics/outputs/evidence/mlm-context/law-L8192-S11.json
21366	/mnt/pool/6/vokirova/rumodernbert-legal-mlm/artifacts/reproducibility/metrics/outputs/evidence/mlm-context/law-L8192-S23.json
13915	/mnt/pool/6/vokirova/rumodernbert-legal-mlm/artifacts/reproducibility/metrics/outputs/evidence/mlm-context/law-L8192-S42.json
14301	/mnt/pool/6/vokirova/rumodernbert-legal-mlm/artifacts/reproducibility/metrics/outputs/evidence/mlm-context/law-L8192-S67.json
12214	/mnt/pool/6/vokirova/rumodernbert-legal-mlm/artifacts/reproducibility/metrics/outputs/evidence/mlm-context/summary.json
21214	/mnt/pool/6/vokirova/rumodernbert-legal-mlm/artifacts/reproducibility/metrics/outputs/evidence/mlm/base-101.json
14107	/mnt/pool/6/vokirova/rumodernbert-legal-mlm/artifacts/reproducibility/metrics/outputs/evidence/mlm/base-11.json
21826	/mnt/pool/6/vokirova/rumodernbert-legal-mlm/artifacts/reproducibility/metrics/outputs/evidence/mlm/base-23.json
19542	/mnt/pool/6/vokirova/rumodernbert-legal-mlm/artifacts/reproducibility/metrics/outputs/evidence/mlm/base-42.json
13914	/mnt/pool/6/vokirova/rumodernbert-legal-mlm/artifacts/reproducibility/metrics/outputs/evidence/mlm/base-67.json
14098	/mnt/pool/6/vokirova/rumodernbert-legal-mlm/artifacts/reproducibility/metrics/outputs/evidence/mlm/our-101.json
13845	/mnt/pool/6/vokirova/rumodernbert-legal-mlm/artifacts/reproducibility/metrics/outputs/evidence/mlm/our-11.json
13913	/mnt/pool/6/vokirova/rumodernbert-legal-mlm/artifacts/reproducibility/metrics/outputs/evidence/mlm/our-23.json
14170	/mnt/pool/6/vokirova/rumodernbert-legal-mlm/artifacts/reproducibility/metrics/outputs/evidence/mlm/our-42.json
14289	/mnt/pool/6/vokirova/rumodernbert-legal-mlm/artifacts/reproducibility/metrics/outputs/evidence/mlm/our-67.json
3593	/mnt/pool/6/vokirova/rumodernbert-legal-mlm/artifacts/reproducibility/metrics/outputs/evidence/mlm/summary.json
2153	/mnt/pool/6/vokirova/rumodernbert-legal-mlm/artifacts/reproducibility/metrics/outputs/sweep-bs-4/checkpoint-20/config.json
837	/mnt/pool/6/vokirova/rumodernbert-legal-mlm/artifacts/reproducibility/metrics/outputs/sweep-bs-4/checkpoint-20/special_tokens_map.json
4752657	/mnt/pool/6/vokirova/rumodernbert-legal-mlm/artifacts/reproducibility/metrics/outputs/sweep-bs-4/checkpoint-20/tokenizer.json
19940	/mnt/pool/6/vokirova/rumodernbert-legal-mlm/artifacts/reproducibility/metrics/outputs/sweep-bs-4/checkpoint-20/tokenizer_config.json
1358	/mnt/pool/6/vokirova/rumodernbert-legal-mlm/artifacts/reproducibility/metrics/outputs/sweep-bs-4/checkpoint-20/trainer_state.json
2153	/mnt/pool/6/vokirova/rumodernbert-legal-mlm/artifacts/reproducibility/metrics/outputs/sweep-bs-4/config.json
837	/mnt/pool/6/vokirova/rumodernbert-legal-mlm/artifacts/reproducibility/metrics/outputs/sweep-bs-4/special_tokens_map.json
4752657	/mnt/pool/6/vokirova/rumodernbert-legal-mlm/artifacts/reproducibility/metrics/outputs/sweep-bs-4/tokenizer.json
19940	/mnt/pool/6/vokirova/rumodernbert-legal-mlm/artifacts/reproducibility/metrics/outputs/sweep-bs-4/tokenizer_config.json
2153	/mnt/pool/6/vokirova/rumodernbert-legal-mlm/artifacts/reproducibility/metrics/outputs/sweep-bs-8/checkpoint-20/config.json
837	/mnt/pool/6/vokirova/rumodernbert-legal-mlm/artifacts/reproducibility/metrics/outputs/sweep-bs-8/checkpoint-20/special_tokens_map.json
4752657	/mnt/pool/6/vokirova/rumodernbert-legal-mlm/artifacts/reproducibility/metrics/outputs/sweep-bs-8/checkpoint-20/tokenizer.json
19940	/mnt/pool/6/vokirova/rumodernbert-legal-mlm/artifacts/reproducibility/metrics/outputs/sweep-bs-8/checkpoint-20/tokenizer_config.json
1359	/mnt/pool/6/vokirova/rumodernbert-legal-mlm/artifacts/reproducibility/metrics/outputs/sweep-bs-8/checkpoint-20/trainer_state.json
2153	/mnt/pool/6/vokirova/rumodernbert-legal-mlm/artifacts/reproducibility/metrics/outputs/sweep-bs-8/config.json
837	/mnt/pool/6/vokirova/rumodernbert-legal-mlm/artifacts/reproducibility/metrics/outputs/sweep-bs-8/special_tokens_map.json
4752657	/mnt/pool/6/vokirova/rumodernbert-legal-mlm/artifacts/reproducibility/metrics/outputs/sweep-bs-8/tokenizer.json
19940	/mnt/pool/6/vokirova/rumodernbert-legal-mlm/artifacts/reproducibility/metrics/outputs/sweep-bs-8/tokenizer_config.json
988	/mnt/pool/6/vokirova/rumodernbert-legal-mlm/artifacts/reproducibility/metrics/outputs/tokenized-ruslawod-8192/dataset_info.json
955	/mnt/pool/6/vokirova/rumodernbert-legal-mlm/artifacts/reproducibility/metrics/outputs/tokenized-ruslawod-8192/state.json
1018	/mnt/pool/6/vokirova/rumodernbert-legal-mlm/artifacts/reproducibility/metrics/outputs/tokenized-sud-resh-8192/dataset_info.json
250	/mnt/pool/6/vokirova/rumodernbert-legal-mlm/artifacts/reproducibility/metrics/outputs/tokenized-sud-resh-8192/state.json
1018	/mnt/pool/6/vokirova/rumodernbert-legal-mlm/artifacts/reproducibility/metrics/outputs/tokenized-sud-resh-prefix-2048/dataset_info.json
250	/mnt/pool/6/vokirova/rumodernbert-legal-mlm/artifacts/reproducibility/metrics/outputs/tokenized-sud-resh-prefix-2048/state.json
1018	/mnt/pool/6/vokirova/rumodernbert-legal-mlm/artifacts/reproducibility/metrics/outputs/tokenized-sud-resh-prefix-512/dataset_info.json
250	/mnt/pool/6/vokirova/rumodernbert-legal-mlm/artifacts/reproducibility/metrics/outputs/tokenized-sud-resh-prefix-512/state.json
1018	/mnt/pool/6/vokirova/rumodernbert-legal-mlm/artifacts/reproducibility/metrics/outputs/tokenized-sud-resh-prefix-8192/dataset_info.json
250	/mnt/pool/6/vokirova/rumodernbert-legal-mlm/artifacts/reproducibility/metrics/outputs/tokenized-sud-resh-prefix-8192/state.json
